"488nm525-40-A","488nm525-40-H"
135762,129714
128262,130484
152038,150850
93676,94509
138816,137675
128495,128423
170754,173338
138902,138773
137275,132384
166015,158537
112259,111712
152916,154382
126657,100296
31670.9,31877.7
101941,99045.7
282741,278516
95972.6,95722.2
140769,139653
163624,161762
103638,103835
78826,79100.9
127051,120048
198941,194975
128860,128020
367054,367326
135990,134549
165258,166969
215950,211471
92721.3,91159.1
190357,169399
65559.3,65437.9
121054,122768
305620,293968
140967,141945
127393,125753
122601,124857
141629,141953
361733,361550
246393,251130
168549,163571
246463,244116
135171,132369
70408.7,62019
116995,109896
189595,185417
146879,141916
181733,171726
605253,607524
160155,154548
113544,115125
115812,113641
353786,339455
139896,140686
149035,150972
209629,203474
136517,136230
93721.2,93638.4
324417,127917
72889.6,75893.7
227128,210194
184355,185921
149028,153217
99856.4,102992
87026.7,86815.5
120936,121184
166123,166478
186340,180116
125990,124189
232075,221679
469799,455908
44605.3,44856.6
431352,438085
184387,138170
99185.5,95663.5
369191,368387
218537,216790
123342,122714
78362.3,77015.7
159904,152178
645419,630702
119160,113440
160634,163966
222219,217557
137634,135686
238598,230743
176228,175253
144155,142009
84753.3,83896.9
258653,249399
166896,166645
125964,123506
164925,155706
131311,125688
294025,303113
182225,185188
118047,117906
127092,129485
279604,281404
127409,130124
148401,142502
229188,122627
111396,110533
308547,304379
119693,119022
192686,193408
701873,685444
89478.7,86091
169029,167742
129942,129768
239355,238234
193430,171457
540296,210380
229657,225593
185199,183943
173362,170342
165419,165951
114597,114240
230978,232282
101985,102646
66448.7,67053.4
138807,135607
97427.7,97551.9
185876,179961
173272,172140
203182,195429
79514.1,79897.8
450373,233216
107785,108418
367945,370684
126868,126977
221004,210605
103489,105648
219549,210058
196523,194728
96618.9,94696.5
111477,108775
79822.6,80407.2
286383,264068
135987,134236
180828,165146
115039,116758
132462,129302
187983,188546
382526,383411
194837,195378
178525,174660
156985,157445
184282,186545
122016,114473
105007,104043
130546,127605
346775,353354
157416,157349
210861,205576
129337,131146
135119,128118
112881,110307
166931,164320
92601.1,93114
132732,128978
36556.2,35034.2
173995,165498
122838,122957
358033,341882
66707.9,49696.7
191412,191364
89652.9,89371.5
156705,152672
192645,187316
156605,156388
199299,169095
245960,168472
189966,194264
66703.6,67621.6
190342,186125
121098,119959
88383.5,85292.9
115146,114402
297133,232770
116902,116739
138354,138931
67224.8,68258.2
161685,157234
86993.8,86263.6
217122,208957
145208,147244
165872,159183
199899,191589
105543,104112
117634,120546
144906,138772
164235,161737
191896,190950
174399,161088
205816,208266
197341,190958
109867,107502
125245,116741
86132.1,89314.2
145267,145601
145149,145524
101555,101669
97088.6,96136.2
132419,132454
109939,108637
137812,138414
167469,141478
174626,175752
96913.7,93853.3
105646,103786
620657,616562
81961.4,81346.1
700829,532886
132061,127238
196000,193584
241588,237999
126171,129415
343856,330030
189355,179732
131684,129849
171040,170498
214856,214671
139315,129193
135997,134088
206705,205418
124466,122916
144041,136392
137230,132290
637032,612622
90773.5,71000.1
165929,164155
204582,202779
90845.4,91560.7
196230,195130
191425,187894
177889,171090
254166,248667
171545,161595
254164,249985
191973,187628
99391,99593.2
153390,153956
230641,223276
139192,138508
281006,285904
238152,228772
136004,129614
119214,118511
179436,177265
306209,313653
188594,185604
273005,260512
88027.4,85516.3
112184,108922
178850,173343
154697,152285
141575,140763
210023,203871
120267,116992
150726,144189
73577.2,73763.6
52597.3,51940.5
174339,172456
126414,128740
80818.1,83012.6
139287,134742
83882.1,84261.2
244608,246697
118535,119560
247569,192117
448486,414872
161202,156431
108925,107748
69979.3,70911.6
379568,361278
349843,344655
155556,155138
140472,140888
129075,124764
143528,142402
275767,269530
398180,401338
165434,162439
151863,143647
148183,143725
251551,251280
181776,179880
192733,188268
204824,205878
99456.6,100793
448349,283563
96091.2,93368.7
595378,567398
124243,116726
105007,104872
226474,226450
90153.8,92008.5
97175.9,98366.6
151694,149671
222827,219926
75148.6,76123.3
316568,315943
129411,126501
88634.6,88169.9
458625,446469
76736.6,72493.9
167449,162041
163386,162790
147681,142541
95302,92059.1
169788,159247
176849,178712
257066,259719
217398,210936
257055,244381
134350,118552
170390,165793
197576,191350
290171,177998
61564.8,62606.3
99121.5,98161.3
198422,197359
239660,233641
172304,169092
120758,121557
137404,135800
116616,116915
172867,172709
194510,197265
100106,102448
44656.6,45590.2
148555,141290
153698,154720
89197.6,89075.9
220442,211657
81480.3,81371.5
161844,157226
20673.9,21569.9
589150,595973
105923,105984
472846,453942
69789.3,70358.1
119204,116650
68028.2,69252.2
496517,492123
295026,169193
151822,147906
256075,244143
180016,175647
112128,115526
138924,137341
98808.9,97192.7
124357,125390
121675,118171
209687,208854
277191,218807
100214,99135.9
258071,248696
197632,184640
107169,104547
158092,161806
203759,210700
175708,172919
176642,165895
254342,241001
168448,169637
113211,113600
138551,136852
183538,180458
92315.2,91332.5
99296.6,96206.8
197854,192334
65292.1,64067.9
50583.8,50363.8
121953,121262
47436.9,45422.2
131622,113624
522381,509438
348946,214532
114347,111352
110545,107303
119093,112389
278539,267648
183008,182754
126302,121486
167709,165237
123127,119433
149737,148311
190158,192771
339107,312867
135388,138091
83099.3,82904.9
160818,163415
136487,136338
657873,657306
50692.9,50994.4
159338,158535
153389,143799
209900,201834
125652,120535
31451.3,31820.8
126706,124452
102349,102344
324003,110360
106470,106270
94655,93503
123340,118851
243938,239989
82209.8,83381.3
394559,388696
130748,132703
123983,125966
577700,554630
193877,181429
129264,129366
141594,136791
921830,886110
57226.8,48360.5
317738,288461
90400.9,88390.5
163882,163590
257821,252415
143590,129640
167160,162738
161832,157506
207673,202660
210745,196594
145861,144447
108365,92034.3
227584,223204
134089,129611
69535.7,70001.3
163071,164918
306773,300047
244566,229911
120756,116908
74036.4,69128.8
198023,201493
170279,169660
73681.6,74741
148920,146501
163205,155872
127706,126099
108647,108347
78839,79467.1
103882,104615
181704,171380
88076,85049
216335,203504
350890,336839
103882,94431.5
106888,104901
110051,105188
155058,149934
316394,309248
224686,214398
127412,123963
172994,152828
174987,161364
66250.3,66214.3
140188,137892
134321,136189
119714,114288
70346.4,69779.7
199892,199159
166231,162564
275560,266761
85715.8,84719.3
176921,170258
235779,225509
211445,210857
130296,128608
58808.3,60448.2
187940,189646
79006.5,77794.3
161271,162709
197399,193595
196794,191337
118082,118043
327828,324837
236522,227642
297824,298093
167417,164978
60960.2,62909.2
361178,358173
59758.4,49848.2
110138,110069
396923,201520
101101,100918
103124,102840
190599,182094
89873.2,90431.1
452712,449475
275617,263991
110700,106810
149940,147413
441186,430709
97743.5,98538.6
228061,222652
187963,185279
113849,116695
109840,106369
139958,139632
219083,213931
233162,228601
134526,132076
159795,153135
115683,113475
166454,161401
116531,117831
83965.2,83118.8
156907,154072
123749,122945
135426,136806
114454,112181
105515,110146
103719,102378
128913,128050
215090,211319
96275.4,93149.6
169554,165637
140302,134057
172014,163332
122823,124862
130081,123813
176299,173391
76493.1,73827.4
236429,237246
279356,270215
89400.4,85492.7
132664,130471
298112,283901
238293,236325
303566,303651
115159,113428
141463,137431
98256.2,101433
71532.7,75234.7
703479,532711
161868,157266
221543,224317
78939.9,77752.2
76740.4,77869.7
124348,124934
204452,203250
173895,167216
144062,136019
722330,695546
75192.7,76322.2
104857,105984
371680,200815
148281,145120
162676,157830
101374,100414
280273,284528
146677,143635
168604,170124
64725.3,66223.1
118324,108470
155652,156142
237546,225781
162567,163243
62943.7,63944.9
92837.1,92085.9
89465.2,89151.9
93412.7,94613.7
116125,118188
162415,159783
139446,139393
403536,392721
503436,488534
105955,92160.1
648197,645257
263990,135824
112914,112573
141326,141612
184952,180734
139853,137127
217753,211025
211525,207877
355487,230871
198014,197195
139781,136678
170612,170002
127009,126646
90613.4,85445.6
135053,129892
155522,148077
113576,112038
83322.2,82911.6
31744,32063.5
67520.7,68693
152014,152445
112454,102924
151258,145751
158037,151823
141126,139696
118570,118447
393071,366908
83236.9,84138.2
142801,143077
179686,178561
179366,179191
240590,238773
231406,227562
260626,252554
160628,153272
251059,238031
398281,399314
123918,123542
282431,284901
239834,233419
202952,200482
279633,273184
181189,175787
80574.3,82071.6
232877,221462
198769,180876
401350,348965
142769,143707
130825,131323
314069,166057
110081,107298
145683,143292
187687,188604
112313,113665
142860,130177
160598,162127
304148,295499
103361,102733
112945,111394
52555.4,54126.6
155326,139737
99722.8,88968.3
223561,222091
123808,122084
85545.7,86857.4
195401,189084
155879,157582
94783.2,93805.3
121735,120679
166738,156650
116063,111314
145213,141915
36513.2,36481.1
180764,168574
151807,152126
182982,176417
202979,188934
168632,166474
164644,156790
158575,153234
100632,101087
72484.3,71055.5
116824,117861
95332.9,93103.3
95086,90081
352034,278763
183483,174570
207365,197743
100599,101894
247011,244324
135386,133976
179105,176932
207105,202214
103781,98092.3
132512,128015
252507,243127
126287,120099
221735,132598
190018,173968
154179,152876
139800,139181
269422,272644
170833,164364
119337,121704
184844,177268
125806,121807
61395.7,61630.9
143843,138796
323402,324644
146309,141601
217183,217053
233390,230047
122645,119520
58763.8,58895.3
156102,156261
172593,172487
90939.6,87452.5
154676,150138
87704.5,87726.4
161253,157753
140585,138944
440260,440998
186993,183270
141216,137903
78413.4,78518.4
148416,124870
154454,153943
120787,111698
129192,124896
115169,114098
232184,226545
111452,111027
169000,161960
111634,101565
155596,157525
104760,102983
210813,168255
184528,190468
143278,128813
182520,187142
312750,317258
149247,141347
248816,242665
113646,110364
157691,151654
280771,281283
829551,612240
155189,155844
115486,106932
143521,135707
83402.9,81456
132224,127246
153439,151410
149008,147010
79509.1,81680.6
152677,150873
64750.3,63471.4
63112.9,61349.5
129394,126798
220310,209576
133068,131988
106716,104719
373280,359889
330203,235992
360515,340302
75271.5,76408.1
67135.7,67481.1
433304,432293
101854,99053.8
108995,103322
105877,106404
220317,212377
148421,142777
179351,180658
131531,129564
522203,517605
136099,132130
67908.2,66246.4
109227,105982
188018,187266
107381,107432
152511,150240
123447,120654
76108.4,74426.5
651284,632297
145916,143432
137681,135679
144916,128282
29905.4,30275.5
175096,168851
149921,148289
152671,153432
179730,168882
135371,129397
146978,146394
179858,173704
428515,418202
211097,208378
369440,360277
157589,150614
103238,100432
266123,250634
383552,211568
48927.4,48246.7
126862,117180
123761,123317
104887,106702
419623,406020
148381,143362
781830,775752
118347,119725
111753,105560
101996,96385.9
407443,379244
97073.8,96039.6
163681,167059
130316,126221
321762,309190
188881,188602
341471,350574
165997,160653
337940,175266
286067,286708
244029,248968
201442,201568
208531,200930
100678,100110
444958,436370
293266,280875
365249,353548
143745,142888
79260.3,79793.7
220207,192452
210131,209806
163822,158358
49050.5,44360.1
162036,161257
145008,141081
451472,215900
88949,90543
195514,192381
94479.8,97107.5
143452,142379
175113,176728
137302,133046
193570,192038
155630,153462
67100.1,65401.8
154332,147770
166324,165544
163191,159251
203848,195297
210248,111039
62350.4,61918.2
195322,195427
121938,119085
508032,292266
133632,129902
185881,186327
70289.7,61430
160202,148955
102606,104086
91063.9,91476.7
472621,473383
52826.9,51771.7
274125,271158
162847,155974
105579,104955
113309,115156
182894,173474
180926,174860
292397,283472
200298,189857
560194,443799
443724,444452
180071,175667
253381,250679
92517.3,93041.7
134468,133453
146876,137991
160484,155095
171738,173363
225088,224428
146293,133719
178649,172000
83780.5,84742.4
156155,154897
160432,156460
174439,167944
149612,147447
181712,171050
141051,139636
83328.5,86056.9
93573.2,98514.5
132325,134541
107254,107016
67393.8,68008.1
119467,117406
179506,169599
114293,116838
203153,188391
169738,173947
170950,167712
166298,165983
79867.7,74978.2
166405,164606
239341,235368
144101,144231
110229,105208
165740,157024
37998.8,37831.4
99022.8,100137
141165,141606
190329,180603
108814,106587
74910.8,76900.2
119938,122341
125564,116807
67539.6,69124.3
218240,216034
113280,111609
168531,170426
151047,150741
622976,501398
88471.3,87414.3
107567,107443
194694,197778
107195,108814
118875,114725
238255,234438
155493,155576
316752,160298
132714,129902
123446,125190
88013.5,88981.1
90772.1,89974.3
165618,161992
140164,138579
202666,194783
243420,227168
108531,107837
77121.9,76804.9
197728,196072
115414,116205
155122,153485
125424,111998
177250,174596
85180.4,83344.3
114990,111259
155080,155444
89806.3,89293
152447,155641
200414,191687
100523,101947
289983,177362
164854,163940
108110,106306
195774,163738
392001,321996
216991,207262
153224,146318
111224,109484
129020,127398
100032,99431
647014,654658
140100,137658
51747.5,51384.9
171866,167084
145692,146461
33571.6,32056.2
161007,148890
137327,136512
250833,129517
233207,226082
114115,110414
702060,672562
103391,103139
185153,171573
181491,177410
83310.1,84511.4
106090,102950
283388,266310
112609,110044
164372,162779
200556,191265
352910,358205
352522,341950
34586.7,34183.9
115373,108067
93170.8,93823.2
304261,241722
95513.4,95382.6
153438,152660
297220,292977
164460,152504
25810.5,26592.2
292658,278816
76529.4,76576.3
163561,166536
155668,155211
134824,133707
121654,118747
160036,155969
358645,361690
671409,654854
120868,119440
89731.4,87132.9
120429,118421
114624,99093
90484.9,91229.1
80291,72689.6
177792,166476
168656,167719
130967,127464
139881,135560
281082,274158
506810,337550
150300,146372
147582,142205
137870,137814
146010,143482
133135,131313
139509,126569
167321,166960
103307,103368
201443,199813
216305,208655
137060,135824
107355,108892
218994,215182
108673,109392
136139,136294
92029.9,93526.7
588226,501284
153406,148433
182121,178635
160350,160941
127902,122918
94557.3,93990.1
128742,126254
83597.2,80602.8
291373,275636
166029,159745
193954,185754
164555,164596
107521,106859
130606,130730
107185,104386
166620,165670
134324,111174
97972.3,95254.9
119437,113902
179356,176352
144682,139645
54441.7,53249
58152.3,58537.1
63248.6,63927.5
126127,127290
50626.8,51559.2
212814,210122
126635,123399
73284.8,72033.4
93567.6,93525.5
147104,131735
169582,166233
145908,139465
142352,140539
462507,296794
98509.4,99115.1
171255,169414
208023,207999
186590,187620
130944,129290
104818,102852
347951,332697
155101,160117
172459,167199
145396,134534
140028,140029
88353.4,87906.5
129328,131315
319012,189811
84137.9,78757.9
152880,144183
131951,125396
93650.9,94423.7
136668,134821
173939,172280
181752,158933
165517,159766
90693.9,91138.5
126588,123272
153775,146030
369091,353503
397614,397630
102413,91998.6
338885,179117
167060,164867
432174,422640
35450.8,36227.9
165999,162796
128430,127198
152362,157037
221166,220594
103072,103794
157735,152759
149499,150504
132547,134788
90431.5,92354
88761.6,86598.6
354741,186608
737068,714322
100304,84656.2
114746,116150
140332,136854
130410,123743
129245,125782
169557,168406
267722,275198
166344,159994
158157,159523
155046,148529
156017,156229
335411,309006
140834,136934
84173.3,82590.1
167749,163159
125464,123666
110821,95555.1
71661.6,72874
183287,173563
110694,108637
191277,194257
699058,461335
120920,123375
143284,140994
142680,138063
293156,166376
111954,109783
304106,297534
104403,102597
163688,165382
88067.6,86915.3
178705,177152
192130,184729
128756,126073
109825,113297
143521,141230
119686,120816
72199.7,71968
83091.7,81666.3
163990,160082
111075,109373
129606,125238
155149,148874
99366.8,98848.7
279907,270334
201679,193340
193863,193676
71852.3,72264.8
130989,132469
159608,150610
169272,162878
130261,129023
91487.9,93253.1
530034,515497
191691,189532
345490,193630
111160,107350
156766,155012
94728.4,83774.6
122254,124321
165413,166139
85428.4,85752.2
210765,211776
378996,371215
97201.8,94279.3
128375,121852
146172,139047
322743,176953
415555,418911
101568,98568.3
177266,174846
116217,111696
76198.9,71328.4
111392,110186
104878,107534
56061.7,55845.5
86971.1,87157.2
131787,127913
91079.5,89306.8
175109,173147
113334,112181
143373,139973
152751,152488
130159,131620
429263,290744
169679,176737
210591,214742
299381,298036
119923,122184
115335,114946
262063,262675
169846,163722
95184,91609.4
152308,155084
163317,157735
145189,140435
165607,161944
184164,187271
152182,154758
268812,249030
93942.9,91707.5
190569,149302
335243,216329
142930,141529
58885.9,57885.5
237580,230424
127977,127392
217827,217402
107671,104848
276846,144183
91504.8,91137.4
99216.5,97479.9
419952,426825
220157,215466
93181.5,89165.8
94818.5,86542
64775.4,63416.8
141007,141071
59690.8,60800.7
293172,298427
232323,235248
218950,205443
102040,105355
154368,150241
31271.1,32641.5
349212,261039
149834,145576
146762,150507
118014,115078
52260.2,52221.7
562084,546722
248125,245673
96247.5,90463.3
131396,132658
109608,106535
222147,221444
145204,138383
74207.6,70831.2
656070,650779
211268,198472
129206,125384
455556,437678
157922,156720
194093,189462
125715,119618
573676,569495
177957,172636
99204.6,85181.2
102892,101409
174548,170338
123818,119458
225550,224353
171105,164195
148252,146514
354527,344160
148721,146139
503309,499672
225214,221562
75501.9,75971.2
89512.8,89479.1
242414,151823
142652,144267
126725,122718
191549,190263
128575,108361
167640,168614
255168,247956
242746,239685
130447,131113
93919.5,93225.5
114255,118079
190744,195489
148376,147492
146216,146169
150857,151997
171240,166619
219547,159181
165265,165598
167059,158860
243053,238706
174625,161733
542062,554662
142155,134269
96121.6,98281.5
123699,124911
157073,152279
106122,103921
294767,285078
179946,176898
137843,139319
115830,115824
110652,112377
123655,125353
189913,188150
112062,104996
212860,206681
97721.9,98287.5
265456,162661
96468.4,95356.3
97923.2,98801.6
131113,128753
847662,849346
150454,144033
47211,47857.5
128076,124554
102564,99932.9
129846,125063
165499,166026
147160,140494
433301,253900
148016,136182
449998,258595
453251,446373
133772,125718
148544,154595
131441,132077
107661,106680
95433.2,95026.2
417896,422968
116608,115628
120135,123328
263570,257424
136306,134715
82259.7,81903.1
163347,164467
89924.7,88605.3
134080,123538
153299,148999
350103,247253
139576,134931
142791,140378
211541,206718
127852,124223
200467,191914
177738,172475
114990,113434
458557,439310
99133.5,101966
165040,164366
171903,173982
126029,124340
178174,173788
70107.5,71596.9
170469,171123
112377,111535
123333,121684
70556.7,69306.1
304372,305234
119852,120581
275799,272377
126645,125447
116658,114677
141216,141602
59029.7,58937.9
175023,178497
142462,136753
127086,121656
131587,129903
155130,146434
207509,194915
295182,291922
247031,243683
101416,98828.8
263050,242525
196544,190045
67593.8,67130.7
106458,103571
53045.3,52821.5
133565,134068
502660,505140
123604,124917
71944.8,74966.9
211406,211997
184897,184575
180358,166819
230019,223166
97094.7,100845
195098,178202
144376,144086
581042,567737
145956,144086
158270,154346
175751,176344
153768,144223
134120,134160
257522,255487
177465,171689
206581,201840
194537,177635
160122,156187
94783.4,91320.3
226427,226686
171978,167958
213051,212748
306348,289279
286208,269519
233317,218020
144974,125757
115033,112156
103681,102330
107787,106056
137137,135543
187906,182956
194352,196062
147884,143311
579708,567375
91125.6,92799.1
105992,106545
258895,258209
113606,116122
126811,126264
634266,535170
260564,138920
142799,141095
153828,150458
160862,158773
127599,120932
180785,179078
153458,141632
230092,225770
180573,179980
122937,123018
79579.2,80724.6
27107.7,28971.2
139565,138917
209731,206722
172990,169988
190694,185238
168438,166219
142062,140018
359117,348430
133628,133384
139326,135797
187803,161778
185107,185015
309098,168099
264479,262834
127609,126750
83010.2,82117.4
79011.8,80913.1
173464,172430
153996,143826
90244.3,88313.3
185917,190044
126852,127686
210819,206590
244245,121499
119316,121607
152190,153377
136246,132013
176436,168143
190791,189472
180976,178283
152412,148634
136185,126690
133917,126912
38173.1,37522.1
141364,135593
292425,271624
108743,108277
105565,105542
93925.9,96092.5
314194,311640
146613,142756
177964,175206
111187,108380
196960,195095
92462.9,94638.9
102654,102948
96361.2,95268.2
156307,151672
87132.2,88336.3
235853,231219
202536,202557
220932,217374
208632,207309
192251,187172
201153,194935
118873,114661
172941,171116
142169,137229
94364.8,92900.5
52752.4,51760.4
119717,119995
213641,207958
227081,215599
159417,160524
169373,160446
149640,148673
491982,482417
127421,120746
152560,144781
217270,202173
79278.4,81444.4
365362,369384
99546.8,101408
341940,315722
109346,110457
201040,197356
125648,126925
166214,166743
83033.4,85866.1
136308,128925
144627,144994
133690,127052
123519,119974
106674,106553
235514,218648
151333,146852
166374,163250
181496,178315
94810.7,93800.7
112091,110873
122393,120646
191781,183039
199159,185031
200303,185918
167401,166784
351853,330368
134238,128070
327575,222698
92587.8,89331.6
136137,136896
227127,224427
171997,168614
102082,100430
153140,150195
154786,149284
103513,98121.9
216330,201543
131402,133529
82785.7,75142.7
242499,225332
148345,130275
457032,282425
170035,169009
104800,106518
118796,122546
286219,274684
185927,181180
133667,135512
228749,226627
156483,156262
141145,139013
94907.3,96712.1
141986,140337
103508,101804
129811,129194
212671,215542
348455,356950
167176,163902
104999,102804
179965,177236
88189,86712.5
158761,160124
156178,155724
263918,263614
163774,160053
75131.7,75952.2
187594,178843
212302,206003
172944,170617
97706,98207.3
140647,136457
121737,119347
190890,194334
68611.5,72233.1
161328,151745
68318.1,69673.7
160121,159446
155130,153728
104648,106475
168778,162847
51314.9,52102.2
200841,203142
205659,202021
114257,112252
106957,109623
147868,140165
194800,193421
83858.4,85499.4
348141,336613
194331,187094
136138,131695
104520,101952
137814,137729
152161,153956
89024.7,89814.2
62518.5,63581.5
146238,143143
128569,129306
167206,171981
130655,133133
276603,174656
128155,128865
127943,125460
140040,137516
156111,155180
108128,102934
170352,168968
207244,197408
20150.8,22118.7
212346,215153
113026,112296
142205,140286
138585,138148
183019,185329
182259,177177
60412.7,62040.2
150616,145114
181560,175633
219470,215070
118397,122506
181632,182647
383311,387315
163304,154273
99491.6,93508.6
168986,163165
174943,174216
147035,149993
104645,104978
251634,250338
307117,185447
242029,237728
153696,140996
744028,730809
120412,116530
90628.7,90521.8
130329,132112
326880,322242
141528,142067
213946,212050
182821,179865
56406.6,57676.1
123371,111298
98834.9,97134.5
163443,162850
102619,98488.1
180374,182097
214052,210397
151603,146647
164082,160972
90956.2,88545.8
113509,111970
256680,249564
107100,108778
72997.4,68634.2
133768,131786
400171,274177
197851,197633
39566.3,41691.9
183002,180405
77009.7,58227.5
24759.8,26757.6
125031,124090
104984,105806
396757,397070
441739,439047
177474,181546
91543.4,92169.6
112508,106016
125643,124269
117772,116956
116129,111943
187434,186897
71448.3,71746
100400,101665
83473.8,84729.7
111341,110166
152254,138847
105076,103730
95400.4,93489.2
129160,129738
161796,157680
322195,324024
212088,208242
104555,98700.4
113967,117976
83672.1,82641.1
105991,106861
160532,152193
148100,138560
156827,152126
176602,171106
159050,139714
125607,120709
100256,86858.4
239525,236977
140890,140897
81154.5,82417.5
198339,195951
195755,192768
255177,232517
74553.6,66184.3
162418,131956
118213,113378
130724,125640
97213.5,95456.5
152160,147566
236892,233782
139910,140642
40919.4,41773.1
93661.7,91459.2
180848,175434
273098,157765
173294,173217
374475,362555
180706,179277
113882,114053
95214.1,87440.2
194612,196720
125135,124878
151971,146449
129444,129106
253948,254734
181413,179111
318566,308627
154162,152522
34310.9,34772.3
121704,120824
85643.4,84971.2
171683,170717
109720,109729
95939.3,95454.9
146762,142394
125252,125631
164801,165206
184736,179510
300888,300408
301207,152624
114855,118362
395128,404091
102616,102215
308226,213496
234086,226425
119398,118200
116874,113551
214065,205985
91382.5,95520.2
233138,225502
82729.2,83633.4
248346,253733
131162,130030
249800,249735
260519,250257
711067,691493
228108,227254
112636,111934
142516,138923
178715,178370
103914,105327
196704,199050
509869,508118
111852,109036
197327,188599
135502,133252
249917,237896
143972,128102
74953.7,76093.7
115074,114596
140650,139029
148292,146464
306301,300499
100840,104432
99805,102498
151045,150780
134804,132077
170323,170721
124860,128980
122407,125435
73470.9,69036.1
188911,187590
125217,117705
285876,287885
121126,121336
147739,148031
134550,118802
142855,140000
117640,117549
178906,168950
183313,182378
126063,120908
859774,852167
95766.4,97979.5
129462,120186
193611,186562
177636,166947
165597,151548
133842,132061
115714,107056
129952,124179
123432,122416
168207,161132
166235,164830
204888,203946
130779,134621
99913.3,103719
170335,168467
89928,95272.9
111633,112874
89370.9,87929.9
132781,131115
103762,95765.1
255603,256974
92517.1,88115.1
108036,107785
165915,162774
102840,102195
190096,178529
183932,178712
106557,108223
206833,210285
125072,116377
130536,128069
203571,200840
163018,166655
218954,216677
128949,127980
76728.8,79803.4
118650,114802
114842,115064
52241.8,51648.7
51755,51270
176132,177487
235550,224791
470370,474481
302384,225380
65435.9,68122.6
168794,163569
190490,194196
384312,379786
107192,107554
195157,198146
133878,136212
172912,169664
85862.1,88773.7
137533,126694
140176,135520
35381.8,36600.1
228879,218963
149770,143724
116658,118314
232526,226652
204759,203150
173200,169851
287417,277972
163550,160071
131058,134791
256589,147937
218361,217261
145764,144878
153168,153481
78800.9,76428.7
163128,164493
607485,522973
73355.4,72776.6
114831,115723
124278,122991
131830,134694
99209.9,94202.7
133286,131490
173176,161917
138078,138520
131235,126344
74833.8,68933.3
353207,182942
185267,184296
125791,120482
108076,109246
157065,158015
247008,245458
184459,192058
135172,136773
226039,226231
121004,123327
156908,160159
176917,180384
73273.9,75461.3
154158,155588
214008,199272
234325,217334
172840,168709
257260,262494
203677,205191
284318,273307
118442,117712
21222,22684.9
166653,160046
413764,224950
236635,228589
127517,114411
143174,141094
216281,207005
55734.4,57998.5
120151,120555
176613,170173
142139,130119
219930,140896
133901,130469
131224,121620
340088,326680
131023,126906
87628.9,79932.2
568137,524473
128429,126882
175837,176511
95881.9,95349.5
100580,100648
146814,143596
117894,114520
167338,168127
237197,235222
193800,192814
98824.3,98684.2
105958,108457
122391,121105
126501,121317
118998,119685
382429,233571
126601,129051
162647,161156
77548.5,76661
179141,173898
140318,129906
171061,165898
107513,106006
225013,143818
120261,120330
189546,187942
175589,174715
59976,60783
144742,147809
131205,128653
76122.9,76245.1
29612.7,29565.9
110811,109536
162523,162796
57614.9,59886.6
124633,116379
119384,120884
365501,365420
107871,108862
156691,157468
197122,192707
137570,136873
72570.8,73019.4
141700,144743
131316,127707
39573.5,41508.4
128951,130876
103507,100657
180222,178421
118816,119000
148452,143512
75328.7,67219.1
183848,175026
105728,100816
243097,228299
133641,129610
125908,124356
181863,168406
155483,144623
87743.4,87914.2
182111,185621
111341,100881
95227.4,94871.2
212727,209039
211583,204892
280088,286085
131214,130036
130493,129592
115739,113670
254891,256731
70621,69481.5
144641,143249
123911,120515
113075,114848
107412,108053
90194.3,92154.7
191022,183053
126943,124994
182769,181925
135468,132565
106801,101368
44262.3,45104.1
217492,213180
149127,144763
125817,125468
185921,181450
188083,178659
260938,256175
127630,112235
194321,189966
110670,102618
82033.9,80750.3
313327,316212
86462.9,85099.5
154835,151424
149666,142428
149237,144492
224966,212147
624811,619693
131165,128954
37303.9,36629.5
313397,305988
438095,314324
115400,115572
157953,151721
349167,170348
183187,175130
169734,173283
148404,147412
180507,176460
151822,152159
77181.6,76940.3
123096,111797
82625.9,82484.2
85362.8,86189.1
345022,349355
103612,103392
201195,170789
86547.1,88053.9
142343,137267
122990,123961
378044,255796
208238,203002
291082,281198
138794,140322
151530,146183
88764.8,87423.5
125621,122134
241530,233709
171720,173447
171695,164425
127740,127996
131231,130632
50949.7,51381.7
205771,203176
198649,186045
150751,148603
58525.4,56021.1
417482,412809
202456,201162
99285.7,95861.7
115805,113007
121010,115243
407125,294742
140665,135557
131285,127429
113214,109899
101148,102107
74374.2,73104.7
186711,191977
621682,605383
167663,168612
114214,113476
131051,135361
175908,172290
256473,250077
187364,187994
120533,121361
96952,93106.2
115277,112279
139270,139248
274329,269465
128416,123936
117239,118980
150908,151254
206324,192935
85063.8,87215
215545,214411
178275,170553
166663,162973
113138,110736
163375,166162
154132,151497
110104,111261
147168,149173
350990,351992
135584,124694
85013.9,84004.4
116399,114390
154432,141530
78982.2,77442
145479,139830
163291,150902
41114.1,40836.7
131587,130256
194614,196077
198261,195833
359681,350823
192749,185376
93456.9,93358.5
202790,181390
406542,392099
80404.4,82560.3
133657,120833
150847,149407
67426.2,68229.3
136644,135719
305642,197588
431649,438487
290120,228263
77274.1,75257.5
138844,130791
201925,202861
144635,140941
127362,127275
245251,157307
89207.7,90185.1
170166,165723
436956,416473
131182,131278
155484,153803
130589,127720
109671,101454
139084,140192
140936,139847
94076.3,95935.5
254198,241933
117015,118574
368827,372452
119253,120215
212450,206076
270770,246003
177165,175852
208998,210396
124259,122272
325882,243756
177236,96694.7
123581,122273
138722,130021
111556,107924
209305,206869
115658,107088
307235,302625
45365.8,45675
197840,193570
117672,115478
88461.7,83790.4
389206,258716
74895.8,74920.9
92817.5,86612.4
605481,610507
220843,223447
503972,508465
45760.4,46742
162684,161352
117065,117647
149275,147225
180226,186637
128423,128333
287227,283277
146353,144951
233153,228462
163293,155952
788988,794269
148886,147062
541583,540834
120377,121537
158902,157753
315609,312484
187027,176702
127583,119383
200386,201020
210803,207269
108344,104463
126855,117515
106820,104683
126112,124331
159558,162469
189283,185141
135231,134038
107870,99006.1
98613.3,97033.9
119539,117547
171618,169701
217933,215570
182005,176134
181291,175731
135870,138530
157608,156941
114370,114529
142288,147730
174413,176596
98239.2,98952.9
225878,229313
112080,110379
375220,236663
174368,174066
122977,123307
261182,264266
135987,135404
86750.3,88088.5
122292,118232
107509,108626
105552,105251
224273,210241
74423.2,74581.3
294126,287982
228548,229415
250788,242634
166724,156316
205800,166394
135124,135277
121354,120779
223960,213001
105424,104943
94209.3,95279.5
546921,354422
117516,108150
92855.2,92350.7
138776,135314
36473.9,38540.5
283517,155231
109106,109480
154828,151700
88562.6,85964.5
109528,108820
413165,398759
177459,178301
339074,334632
604753,590817
130907,125860
531554,525089
267723,271321
145839,149780
159339,159381
154195,154340
128649,125688
100597,97112.3
161596,159622
463417,454762
324976,165464
218812,220572
128137,123280
110434,111980
119136,117233
177091,177706
224730,227066
145173,144264
202808,201421
80951.8,77169.7
86993.8,88416.9
183388,177858
136838,132856
174926,173747
98662.6,99204.5
144889,143072
82557.5,81254.4
185003,189372
90568.6,89918.5
40440.1,32112
149094,146795
219761,215472
889376,834174
62963.4,67974.4
184821,175358
78308,80151
159531,155503
92421.6,91500.4
162870,158205
153480,158330
102090,104885
119427,119507
277056,217362
171864,171744
178304,171152
153049,148729
245526,234750
149143,151341
205394,203698
44483.3,46302.9
146794,143086
126683,127542
109225,111800
189546,178602
152596,145764
174153,170859
82031.2,76184.9
129941,126902
147938,147365
152750,149969
210670,210518
161413,162134
101049,106346
113885,113721
218232,214837
141176,141078
148882,149230
107722,104735
122725,124274
82430.5,83095
113699,112861
34672.1,34317.9
128755,123411
119960,119653
127281,127986
139322,139158
177825,179276
141455,145863
132162,131475
122769,123080
173713,172742
120242,119927
116242,113104
287779,294872
519575,324358
251963,246052
183379,175782
298030,287753
571831,537463
216628,207104
201043,200187
186006,181748
104300,104219
118552,118706
123880,120717
104575,105915
126498,130732
154502,154939
743832,714673
80414.1,81882.1
101916,102943
269004,274542
152858,153076
468178,486987
364750,149040
780780,702980
128832,129446
119704,116816
122070,118453
64062.2,64054.7
76254.9,72374.2
149906,147388
265360,246613
113155,110920
153084,147066
134918,133933
259054,252406
105342,104191
84011.4,84433.9
143761,146765
159470,155543
135354,132175
199799,196873
112272,111066
90131.1,92567.1
154173,151925
104223,106594
195690,196296
79257.7,83129.9
125356,123468
118663,96566.5
133567,130582
190831,189270
105343,96258.2
147036,150905
62726.3,65797.3
359524,309395
120416,123330
94379.3,94885.5
149033,144238
136859,135451
149946,151242
101984,102177
202772,193721
429364,439850
183790,178140
105127,102750
159885,150249
119778,118756
153675,150812
74796.4,70486.2
106688,104346
125286,125673
104439,103574
101525,99055.2
282670,276924
182328,186351
138987,132062
127926,127480
60406.6,51043.3
96302.5,98199
153394,147676
544425,560052
36649.8,37421.1
105482,103825
123373,124474
278179,269842
32815.2,28660.6
81314.8,83862
202163,194098
233804,236756
120574,116584
147587,145782
140628,142080
66781.2,67341.7
232555,217480
70471.6,71778.6
161950,160349
132778,132288
152890,147174
42629.9,42355.2
105832,104580
690827,497928
221768,216210
129484,128235
148011,147295
144058,142316
91446.7,89328.7
125597,122560
172928,164858
197490,190957
130875,126995
93535.4,91738.4
160986,160329
160427,156816
195201,196916
84913.2,86538.7
130832,127468
168182,160576
342458,313128
94652.1,92956.6
337668,308492
93460,94090.8
261619,252202
157475,148525
73642.1,71400.2
281948,273199
137546,136080
162155,158702
82338.2,79124.2
102713,101267
33858.6,34084.1
172792,161187
121354,118049
152184,137894
624123,589558
214045,210382
112800,111046
108747,107024
189576,190872
51825.6,51170
144463,142201
186320,180974
170964,170216
105144,93374.6
146878,141839
82817.3,84990.1
223546,225297
197329,195921
268728,266495
173478,166798
200500,196183
169284,164585
193147,193365
86364.3,86828.7
108225,102303
268684,266853
86350.8,88018.2
80365.9,78550
164791,164282
490954,391807
145714,142888
257165,245708
205206,196446
137188,136955
553955,522180
212028,204719
221612,214466
834114,822585
204832,196765
92150.3,93240.1
52047.5,52217.2
173965,176380
96769.6,97822.7
151481,146390
158432,157140
528875,531078
173318,171749
169632,170147
112570,114231
89484,89069
388309,398289
175749,175127
159980,155882
76614.6,78095.6
128026,118443
66732.6,67285
259714,255124
121778,122094
138660,139380
137988,137243
190572,184145
123104,120075
159056,148760
146550,133171
366736,354357
185861,183003
149614,147245
60914.9,61288.2
221850,213005
155562,154436
55700.1,57421.7
147546,144214
356603,123508
155307,151282
160637,160001
592002,555980
54940.1,56345.7
196506,195582
298785,294726
142520,146036
206692,197651
81820.8,82489.1
435176,345038
53917.6,55439.5
131666,129092
92540.8,94199.2
147209,141244
122738,121191
102438,101541
143830,140890
394820,387241
349937,338396
202778,195550
113710,98519
138804,131805
164472,161392
205419,195396
150816,149930
100686,100842
98166.5,98678.7
84274.6,84451.9
167271,162942
133193,132062
22300.4,23274.5
123195,118215
191028,187781
47382.4,47426.4
262858,194105
126345,129523
260205,251045
462054,427445
122152,118442
127033,124628
217416,214486
169702,170911
186274,109295
196944,197357
105196,107348
118497,119491
152180,153148
134713,133792
102885,102810
56271.9,55968.5
118763,117551
136083,136962
231201,219663
108167,106920
120327,112367
380404,364278
195417,196795
287792,273906
102737,103896
75089.4,74598.4
251045,238180
66098.6,67514.2
126035,120539
81897.5,79337.5
35490,36426.3
489977,464152
109334,111933
75718.4,77749
150912,150298
107660,107855
111970,109795
471151,462917
105136,104874
132829,122377
285430,179716
165022,163562
139323,140469
87669.6,85738.1
36210.4,35462.3
177641,173006
253362,240897
211489,202763
542914,523049
222090,215962
86597.7,86870.3
173831,168878
111428,111482
125159,126412
205804,197017
86605.4,77238.5
114661,112284
109623,110846
85159.3,86459.4
97669.1,98474.1
189950,183457
129314,127806
127843,126556
206192,201610
139331,133799
523003,515634
176037,169509
99067.6,98785.9
101090,102414
60559.4,61322.7
94082.5,93269
135724,129798
140376,131033
147556,141118
182517,180422
22934.6,24338.1
151529,150355
233350,227115
251190,245744
143345,132043
165762,156062
142454,137392
135060,128922
166741,169032
76420.1,77845.7
75770.5,74891.5
203651,203109
157167,160414
134521,132560
154683,156351
133308,132340
352043,344793
270512,262167
90468.8,91455.3
120983,111268
148518,144426
163075,161794
212488,203924
212976,202432
169685,167131
178032,174286
115197,115486
107976,104525
149526,150622
162741,158398
105413,105931
121770,119649
81700.8,73705.5
222496,190737
226014,227435
91675.7,89259.2
129020,124957
107543,107896
121714,117930
108428,107974
150087,152003
283722,291264
135740,133382
73156.1,74007.5
26338.7,27437.2
229253,219492
197742,189744
137991,123010
203591,198054
113540,113824
114180,109591
155998,145876
160197,157560
158243,153312
122501,117685
374095,378707
372365,377972
113116,112102
148087,146393
85578.8,86277.9
33011.1,32180.3
334277,321796
183522,186377
227073,226605
65895.8,64652.7
115926,115497
159835,156588
237766,239605
194604,178073
259002,259338
114444,101038
457388,261115
117201,115526
221615,224967
263516,264166
71814.1,69847.6
165902,168235
145252,147473
140462,139968
119626,121738
302006,276782
93148.6,89766.7
298344,299404
147815,143460
49629.5,49881.3
142776,142002
314940,305389
259814,245576
168918,165145
150267,138040
260508,245889
98043.8,93940.5
74080.1,75880
157170,156900
137851,133445
97972.9,99661.1
160357,158170
130273,114117
78263.5,81096.1
222186,221565
154064,150914
97925.9,96064.2
172963,167570
101278,101007
93842.8,95320.1
94683.8,97950.1
116184,115002
121341,114760
162876,159588
113753,114062
60906.1,63948.1
198080,195509
136680,142166
106045,105851
45460.4,46276.3
114688,115203
133358,137081
423848,247007
79122.1,82593.3
199961,189045
165506,167416
140498,144855
226941,222360
245371,121973
171460,172458
194113,194526
177633,180754
122284,120574
296482,287393
430704,428489
184086,181438
771424,763446
177802,179778
140369,138948
137563,132637
175621,175922
162012,159168
271570,265699
205297,198558
588035,568804
108807,111247
69402.6,72165
226183,224639
163846,161404
92145.8,93644.7
119825,122181
103451,98994.6
230076,226113
103599,103690
575977,576589
69576.8,71294
318914,315371
209591,208054
186499,175500
106498,107494
119387,121565
324611,317647
84421.5,78889
170682,162875
223479,212997
95349.6,94570.6
79116,76193.2
151009,152960
276276,266729
145398,147662
136138,132940
94716,95835.5
111779,112437
176966,162795
104555,104790
88458.9,81573.4
203460,200050
93787,92169.3
229826,221205
148442,144759
133604,124460
128817,124904
148307,145498
99582.4,99544.2
89888.6,89182.2
132537,128000
216723,207160
114088,113466
127418,122556
352739,342196
87232.7,88341.7
98168.7,96251.4
310876,310612
86764,87092.8
175503,176352
121520,122008
150672,145252
51817.9,51948.9
95094.5,93006.1
95775.6,93242.7
161366,146714
111540,112603
124722,120850
72585.6,71927.4
129909,124534
146598,141174
82887.8,80232.4
224961,212674
249769,239236
201230,194438
102542,100578
81706.4,79853.5
96906.7,96359.9
93472.5,90774.6
205514,200116
94270.3,90617.7
132036,131967
121491,119239
289338,280256
68414.6,70981.6
305461,167469
58041.3,57101.9
182646,179418
107864,106612
108583,107347
103567,102905
77651.3,78342.3
633297,466515
147824,142556
138753,136870
119390,112954
176116,171655
149225,146664
92627.1,91291.9
144388,139398
350220,333304
134864,132843
236920,235400
392490,392082
108544,107648
303879,291532
155104,148577
166196,158625
123818,113957
70759.1,70362.8
209593,208491
259464,248260
111772,101235
198359,189468
606544,588796
66698.5,67538.1
108117,104850
146403,142932
60728.2,62784.2
231716,214145
104006,102414
271273,270597
155564,152578
235688,226597
40166.2,41119.7
107660,106938
191491,190703
137445,139714
111947,109096
94353.7,96057.9
172504,171755
148120,128760
104349,101350
212747,205876
578509,551741
193214,187454
117676,118990
88436.9,88277.1
117507,119963
99146,97984.9
186841,177108
306521,307867
111410,108637
91844.5,92056.1
137535,135685
63533.7,64810.5
255706,143277
138370,137301
120820,121248
201473,200450
138882,141782
107425,100803
138868,137483
170064,169008
136040,135127
147274,146565
214022,212566
174031,174072
87607,86554.4
122615,126130
186101,179120
202358,196776
159167,154132
113900,109828
31293.3,31742.1
96759,97912.2
64977.4,65560.3
178797,178201
186486,186487
240701,227169
109854,109098
125496,117883
85243.3,85043.2
96210,96925
141724,137387
130288,128111
138130,136927
202076,200736
112160,112333
104841,105304
115709,115214
213412,202841
213575,207036
139792,136101
162980,164040
114306,111627
202716,193580
335773,331525
119860,117224
171896,167514
161209,161106
93237.4,90001.1
120612,116885
127690,126128
553164,542970
84209.6,81191.1
105962,102189
185428,177940
412100,397181
112253,113521
131540,129797
203504,191298
61325.3,62028.8
25220.9,26501.3
249879,252925
109337,103249
159081,155035
160020,157874
144204,144318
138205,136487
172042,170535
341884,332973
98720.5,101600
269238,190786
146838,141349
162306,162301
130043,128837
136769,140250
154896,154128
312229,300358
139284,135012
132675,129603
117543,117548
124134,123238
141830,133650
126308,120065
181335,179231
121295,113398
120247,114650
59447.6,60331.3
83266.1,81374.2
151744,149434
89371.2,89149.4
206171,201432
118945,114206
161842,163754
177218,172924
195170,178824
77042.2,76956.3
116359,110406
198232,197096
78089.3,78449.3
96935.8,92789.4
82479.5,84043.3
122481,119626
164296,164366
138105,141722
124969,118759
188906,179837
93016.6,89633.9
133835,136282
46451.8,46306.2
87350.1,86073.5
97440.2,95822.4
123721,122095
144953,141286
103872,102025
132394,132134
155751,153345
100991,98373.6
138052,134162
124544,119296
149708,149131
188352,185900
248389,245190
147825,127468
197008,189052
231037,227743
155508,141087
101500,101365
126079,123194
84058.5,82745.3
73712,74221
278636,271241
364483,358400
83564.2,82675.9
131652,131464
178625,180221
136109,133497
42760.6,41548.5
204860,197234
296464,278688
121860,117984
169742,167678
125560,124736
314793,152990
141523,140110
487578,392423
222261,216499
73297.1,72492.4
205504,208289
127424,123786
98522.5,79560.1
26204.3,27202.7
249938,235069
149519,145357
228099,223022
93335.1,94677.7
226039,222951
89012.8,86839.8
362660,361449
92806.4,92543.7
299278,298138
191262,187862
192758,187783
161976,102822
158832,157086
163032,164630
90331.2,92629.4
353453,351659
114280,112050
103018,99329
154617,150233
210929,122967
124920,121228
105208,107348
134351,137474
158655,156482
169788,168937
137637,142575
246227,240118
158951,157428
321653,310743
78949,78188.1
130927,128553
202811,197298
100413,99374.4
91760.2,91551.6
159418,146889
184941,180060
59190.8,55420
280715,288218
66399.6,66422.7
436171,417616
36647.7,37949.8
106059,106343
181978,179879
246266,127095
94880.4,95391.5
130488,130848
334730,326215
184836,170829
49838.7,49305.1
84690.5,84421
157268,154403
138485,138322
106240,106223
219335,218596
151415,148262
97728.4,92568.4
30660.6,30522.7
108014,108118
92613.2,93917.7
104933,102427
227469,223464
146850,149821
130383,129112
142122,138514
150493,144984
351164,345608
187973,186620
255707,249888
255001,246539
109294,101080
124252,121932
167045,151627
110292,111225
184029,162650
124278,127523
148315,150325
139413,140305
144407,139911
84075.3,87735.2
93760.4,93051.8
79060,80335.9
49864.5,50632.2
135499,113050
111601,112251
104673,99804.2
152269,149395
244612,241140
112468,110079
522145,492546
83032.4,82602.6
200662,198161
177406,179136
171061,166146
116080,112277
158951,154664
135414,132501
238519,232700
112491,108454
139915,138751
79669.4,74198.4
231006,127449
158690,150556
155952,158690
164971,163274
152961,155563
99281.3,101650
146787,145892
737431,720544
141612,133016
93468.6,93587.1
157815,156937
271378,134797
144778,140425
124548,121572
192432,190247
142590,132526
180105,177822
166175,161463
46001.1,41071.4
671327,437364
238475,232710
210985,209531
105618,100545
114156,112214
252764,242748
128912,127455
273638,276880
146626,147799
119960,115217
139914,139026
47493.8,44481.3
194133,191775
287008,278011
243447,247911
84152.7,83438.7
173130,168901
123907,121829
133394,132867
123735,120609
98695.5,98317
139419,134713
63653.2,63169.6
334141,334776
86481.5,85285.9
157134,145159
72921.2,74933.7
91537.5,90409.3
216014,205885
112020,109852
104055,102636
113386,111191
352923,351080
126268,123841
145785,143308
107681,103942
205001,201532
130575,127801
142390,139084
115987,111588
148119,144319
117259,114132
166831,168736
105768,104730
208574,205162
279670,272417
81339,80521.5
23034.6,23951.1
203530,174343
145584,146772
182740,176466
139974,139813
107300,109155
228314,219658
181170,179640
171503,172416
219117,211527
147934,142900
142655,131163
127839,126825
384036,355604
166484,164253
88417.5,89390.5
169137,161505
222018,223218
182336,183699
94725.9,98112.3
36969.9,37928.7
590685,576646
206877,203254
296792,283042
125547,113240
202416,204376
185940,187640
186153,180195
167898,157834
168960,170088
185065,175481
288253,288205
79319.3,75923.4
150528,137747
123214,124482
421862,405780
126849,114737
193983,185567
116901,117651
119734,114981
325242,297686
127817,119114
247276,248158
182207,176082
179087,175890
77127.9,73327.7
231063,227239
409147,407323
101199,96789.7
145468,138015
249574,178429
212313,198445
97034.4,95797.1
121827,117820
155506,154014
237324,234820
143046,144941
244736,205203
226825,221344
249319,252811
495382,499551
99543.9,99780.3
85561.3,81772.6
178826,174373
135551,134712
505628,514139
159515,156597
180115,178768
175406,170105
154370,151192
94736.4,92482.5
211080,208299
153636,147127
324327,306887
236330,232257
223196,224631
211786,205431
93103.9,89806
93193,89934.5
182430,185303
100311,96650.8
123275,117283
168182,165260
314718,300621
208952,197523
84019.4,82528.8
209236,190964
134367,135181
141208,137357
79036.9,78671.2
171759,170500
153564,146452
150336,147363
147829,147366
158900,156212
152672,155226
110472,111567
135712,135136
98266.6,90937.1
296918,303596
127091,122771
141542,136009
313545,315092
70057.7,71760.3
127571,127335
107509,105123
543583,513691
155371,152354
126439,126496
125684,124536
104544,103766
248385,233840
143250,141680
170345,158469
103042,87415
171762,167174
127839,128395
143937,142271
120758,112565
163671,163902
177685,173457
100799,101342
102913,101911
88370.7,87503.1
336209,327907
265177,268771
195797,192114
179685,176709
397693,372057
166166,161430
473110,373464
156349,156257
70372.7,71858.3
79150.6,79638.7
136013,138012
95062.2,94112.4
168044,169312
188120,179590
104944,104804
103116,102294
131748,125268
154605,154108
191856,191072
116050,116781
224250,225594
240189,230398
207012,128675
110968,98427.4
178625,174836
241199,238870
182764,175907
109890,106114
166136,157772
352116,188384
131575,130651
218531,215527
125092,125911
139623,139456
110106,107583
84600.2,82047.8
242269,242425
84712.7,85330.8
97898.2,99162.5
184982,177968
110061,106961
147101,148536
627907,472892
134648,130118
121638,116836
725216,739414
161976,161877
95214.1,92616.6
201426,201721
58301.8,58964.2
154124,151219
223742,210984
123130,118283
108711,106748
186897,177660
58147.8,57251.3
113384,110572
144026,144169
126053,125924
158679,151552
125826,125873
455894,444228
119774,123263
134128,129212
237562,134427
155778,150603
116725,111208
192239,186256
181098,174020
160816,154001
230703,229901
115496,116105
167797,101841
111704,112589
118982,117563
129817,129010
149804,147229
157155,149154
160028,151285
234086,233134
233474,228893
113730,112181
106526,104700
142568,137331
227540,215402
109874,108953
138167,138737
165185,161424
492323,351063
80500,81887.2
269264,263952
170949,166107
131919,134560
154753,148907
115640,116924
156683,147749
183026,162311
54692.8,55013.1
120514,122492
135128,133731
112870,117209
163873,162290
397344,394401
175176,175748
135821,138994
184422,181285
160237,158799
617956,605277
151376,148408
128530,130349
139676,139277
101456,102073
103256,87637.4
107881,109917
102642,101161
390564,375592
182100,180344
170612,161337
206891,199134
145869,143963
76896.8,76352.5
219921,216810
436657,421223
173558,159409
164585,158153
342581,335678
79924.4,78508.7
244194,244040
124867,121126
156168,147742
315840,306924
78225.6,78891.3
145540,143444
146081,140598
582869,559375
149181,134298
113319,107807
89132,84556.2
112513,111230
167176,164729
244452,236413
209133,199545
119512,118833
157286,152015
56872.4,55402.8
91627.6,92321.3
110050,111404
95545.6,94919.4
62477.1,62180.1
167192,140042
145681,145689
80446.1,81347.2
184795,182366
186866,176887
102030,101660
210204,211394
102149,104194
105958,105127
106323,106971
162468,156825
178599,173937
312763,296900
282266,269295
160081,161962
148012,133883
110840,107720
128590,127303
82566,84236.2
152137,156162
143748,131992
169173,167341
129367,126766
119050,115190
153071,150570
199660,199055
163965,164701
185329,180073
161809,158488
139744,138832
63220.4,64902
104249,105683
125204,122680
337103,285581
172664,171946
624451,604886
133204,134131
573502,553423
135614,123697
298357,302155
74930.4,71138.5
722058,712828
89542.8,91948.6
158010,158657
128210,123457
174336,176314
123901,121205
134250,133188
189918,181958
396227,298446
70958.3,71585.5
635459,613427
137326,132259
127771,122529
140011,135102
126388,124327
83692.4,82123.1
268430,249414
61855.3,62196.6
107670,105822
257492,157414
152608,145866
132695,126774
117875,115572
94387.2,90636.5
94879.7,92339.4
102743,100944
346005,326934
174422,163435
213294,203444
73390.6,73708.5
132856,120053
257361,251734
158022,157568
110220,110900
62240.8,61522.1
98236.8,100498
295231,290796
140774,139488
163549,161195
69831.3,70799.4
155500,149682
159762,149819
101291,99095.1
191417,190986
97400.5,98037.6
195744,194916
109282,108775
288387,283051
103748,101524
127407,121268
216115,199907
126964,122566
95604.7,93728
70128.2,63135.7
171226,168084
182935,176685
174507,174380
205981,185011
103055,103087
161277,157899
128979,129051
386306,367901
84292.1,85292.1
109554,107452
177343,176903
127049,127424
132907,131748
83059,84567.9
77963.8,77119.8
129812,125226
66498.1,67935
156804,153672
112330,95097
175428,168124
108899,107093
148419,147016
137588,134451
143830,141103
131731,130464
129582,127088
166690,155451
111067,108891
170267,160468
59354.2,58096.3
60537.1,56212.8
180641,166924
268057,258586
110026,111760
502975,493998
40336.6,39431
118762,114989
178213,169982
204616,201069
232234,136069
124948,122013
156528,159000
254513,244807
175180,167271
132304,131816
140506,138066
154853,154479
188002,185037
158245,156696
165317,161958
196992,195563
218692,211194
93147.7,92287.7
198565,191901
168412,152487
111817,104698
239265,232924
119186,100960
161857,159315
30216.8,30348.5
87374,86534.5
68758.8,69950.6
175626,165073
164460,162080
67817.5,69658.8
150879,148753
166538,159983
308976,308690
99956.9,100020
197870,196262
160735,162762
172441,161378
126266,125887
197021,190913
200315,195562
134739,128859
123990,119319
125284,119764
90428.3,90569.8
108279,104568
100358,100517
260199,255790
102259,102310
134154,133200
134810,124015
159301,150000
164454,161880
433080,433097
150745,144781
97908.9,97016.9
129056,123715
69319.6,69926.7
159878,161177
322258,329151
124272,120052
82385.9,79122.8
129791,121038
176306,171738
180199,177398
172533,168641
150504,152254
201450,190910
392915,365258
268194,258419
105600,106790
81030.2,76470.5
61739.2,60999.2
74917.2,73020
176113,169854
124068,124598
125839,116264
138889,138341
107095,111100
113153,114784
145619,138155
257951,256641
298030,289331
107188,105268
98102.8,96880.2
77247.7,78007.3
240721,233431
217527,207669
164711,159243
122489,123582
86593.9,86411
138851,141056
146616,146236
683789,676098
145356,143243
131708,129332
132461,129380
139570,139994
134087,130901
213935,211791
108564,104810
124224,121916
115110,116268
168154,165518
201215,200162
410925,404567
192238,195334
430940,409251
26474.3,26549.7
130317,118445
105800,103323
409225,403746
235073,229651
83069.9,79835.1
98938,93935.3
178401,175024
190288,185334
104157,102139
113152,113320
149531,147749
134548,135779
128578,127372
178694,179911
141640,125731
116895,112678
129910,126010
83064.2,82192.6
43004.1,42996.5
172558,171591
138583,137145
116206,115598
127391,124582
404692,415765
38256.8,35743.4
146163,143990
264466,141150
58397.1,59843.6
92448.7,94493.7
178635,176836
225080,224132
205370,194659
132552,129874
186453,183018
137038,133631
122499,116699
245747,236347
167744,164050
163404,157583
88586.7,89062.5
98264.9,97901.3
130844,126507
148546,135783
190915,188084
146730,147540
312694,315988
100534,102098
626140,616507
97173.2,93221.4
91967.3,89676.5
107026,108847
104007,103855
775137,759797
170996,164575
115466,109103
251877,252112
120625,116105
55426.6,54884.1
235504,234659
68073.8,64732.7
81253.1,83988.1
105487,108294
143039,141546
183946,176565
72944.6,72128.8
118351,118007
125479,123031
96393.1,94061.2
83406.7,81359.7
84008.6,83596.4
151297,144708
84181.9,83563.6
92526.9,89723.4
217577,218758
171200,161983
238280,236467
238919,240161
197974,188113
190131,182839
245836,232897
77678.9,63289.7
79796.9,77323.1
98420.2,98728.3
95868.5,88274.9
113268,102704
107574,105868
263786,192140
179889,174471
138246,136391
215338,208855
114968,113955
125716,111898
154484,154743
45398.8,44580.6
177010,172467
205376,206776
155224,155069
186646,188638
176778,166622
94618.1,94878.7
68890.5,68981.4
162791,156719
24915.4,24354.5
170178,169752
168198,161238
93887.2,92904.2
135919,134659
208062,209529
120764,121497
109172,108192
300271,179547
114270,114537
178025,175515
177072,170889
116257,112354
99167.8,89957.3
162476,159983
135935,135786
646202,629809
80490,82593
156911,155269
327122,158313
125110,120273
125671,120589
152918,149596
141851,124151
82487.5,80758.3
387884,388375
82558,81716.3
230127,231871
131067,125719
119137,118881
467183,464429
169584,170124
230669,228212
124258,125147
112328,111136
237572,233966
482299,465456
216320,210548
129811,114211
82929.7,81500.1
143036,139816
149409,146955
114086,112720
189978,183611
241813,237773
111748,110221
455001,232404
262935,254543
184037,180746
165725,161580
131379,123639
109200,107720
172194,169633
147816,146552
365711,288907
122836,120963
90345.7,88986.5
133009,132886
437261,448512
222084,224630
205784,172955
156628,156205
105653,103332
73330.2,73685.6
60296.1,60198.1
197595,182526
122470,123480
135074,135420
168880,159609
134418,130856
347641,323890
316255,219498
135716,131070
203851,195474
109883,107019
119916,116096
186054,185010
807164,783795
103573,103026
99651.9,98036.5
191005,181464
136855,136938
129099,126288
120713,123795
65795.8,61698.4
199574,195509
172570,167848
125192,118738
194145,184912
191142,186945
151385,151661
466980,457775
162693,160788
120838,117751
243744,238860
128807,129247
138300,134041
130472,131420
566938,260656
155841,151463
77540.4,79538.5
149970,140705
174603,167551
112584,112334
120720,120588
253850,246557
135232,133871
203083,199759
125632,127802
68647.2,67339.8
135191,133043
121675,121785
84182.4,83155.6
194438,183170
326878,316691
520085,509162
261983,214355
331216,317833
815204,590212
123817,124280
163569,163354
91032.1,91564.3
127111,127225
91388.6,88244.4
82501,83170.9
147884,145800
207457,203976
124132,119715
202296,197743
211016,202889
125931,122512
114572,115757
110669,109538
147499,147799
65711.2,64230.4
75099.3,74419.2
186537,186836
67094.7,66925.6
264739,261881
117904,118375
160775,160654
138843,133480
185269,182542
252005,253762
151265,148521
233061,229358
81917.2,82705
109035,108659
122561,120354
99294.1,97075.3
126850,127047
279621,274401
407314,388117
132934,129574
133082,125408
151932,151029
91390.8,88036.2
235887,216243
154384,150130
186357,175697
76131.2,73344.4
223032,220474
163200,156084
195492,192166
182766,178077
129911,127884
104917,106019
145378,143641
230947,220384
187288,183508
101421,100940
56371.1,56635.2
124608,128999
216662,207246
141445,143528
131555,125579
169365,167992
134857,129642
265220,266226
400436,334582
156892,153123
268084,260380
95259,91710.6
393397,378571
136929,135647
136227,136461
69263.3,69126.7
161269,157816
157349,149810
97789,90563.8
179203,174909
144501,138195
167391,159080
125768,126110
138197,135251
170053,163682
200555,191485
87365.6,85604.5
111418,108480
207968,201325
186569,174821
205771,200960
161639,163220
139437,134326
85347.5,84285.4
114556,114335
118727,118390
191277,190314
166386,165405
236799,226621
128652,126654
141680,139506
91600.8,92658.9
122651,120530
65513.6,66058.4
113412,112334
68130.4,65431.4
156877,144997
138480,134886
107400,106128
198555,194766
146505,141553
135117,136534
74263.1,73580.8
392371,271669
83177.7,84752.9
161251,160583
174921,176642
92644.3,92541.3
80482.2,81984.4
79560.5,79383.1
61625.3,61247.4
146140,145487
199618,197789
184703,182767
245017,238831
163192,159309
119906,116325
237175,236758
216650,205924
86848.8,87007.3
160635,157484
156108,155703
196641,192566
196619,194532
117081,111811
163756,158428
301606,199738
130293,129007
129355,129547
126004,122569
177640,174269
250826,253366
137023,133452
116359,108789
225019,218652
74765.4,67052.7
163076,157303
169094,169980
202818,196591
133279,133123
109452,107456
161712,160428
282369,280698
292355,287836
85739.8,89861.3
95111.5,96602.5
167228,165578
140475,142533
143972,138576
157277,158222
103187,100302
175887,171595
101826,101782
196330,185013
100860,100742
114070,114091
124290,123946
112851,110808
70929.1,70269.8
133377,135812
129108,129104
88321.8,87234.5
109588,107787
599924,584163
113647,115372
153371,147883
101527,98793
170605,169949
106159,108628
78077,79038.3
277422,171472
236372,226444
78659.5,78803.3
291602,281612
97043.4,100218
85764.9,87294
105666,104265
156210,155227
88681.8,86873.6
175911,175968
82883.5,82972
445136,456164
108536,107134
196723,195898
156645,158283
246902,239234
89550.4,89698.2
143952,143791
126327,124419
189515,187759
219346,212415
82502.2,80209.8
162766,154312
145126,123808
246946,243075
87238.3,85997.3
112808,101579
218200,218843
204404,210748
207822,206614
173390,168245
105451,104229
118698,115353
267553,268432
159624,156316
195325,188437
377959,374436
235411,234872
92606.8,91484.6
91598,91457.7
117686,115437
106729,103479
164833,168097
103981,104777
416674,240501
169682,171280
116855,112854
134970,135658
108278,98277.8
92074.4,91964.5
66699.8,66633.1
102051,88426.4
107058,104918
255063,254102
218827,220328
94159.3,92307.8
79934.9,79522
83980.3,82774
112206,108266
150022,150647
126229,124873
169364,165860
105898,108054
127497,130075
144252,144020
155507,154797
35404,36065
140380,135883
328440,224965
168405,163231
112505,110244
209272,202247
82115.5,79463.9
135065,134394
57353.4,49522.1
80479.1,82626.8
132806,125174
169507,165445
46118.7,46512.3
62381.8,63368.6
216438,214531
51318.6,52300.3
233431,232893
143687,143263
146024,144536
280240,164825
142417,144671
269208,258700
231623,222504
160328,156331
113560,109576
100788,101399
199285,194111
145495,140501
101215,90502.7
176967,173530
132344,129152
158845,154247
528289,534358
96454.2,96544.6
110041,109326
101461,99060.5
173827,162067
116698,116189
114599,110516
63869.8,61716.6
125968,121329
162757,162776
160572,145462
167679,166912
230160,208575
106974,101580
164027,163408
196984,183324
267561,260093
144844,144098
104126,100327
200977,195037
103515,95374.4
121682,110654
117964,113255
172439,167282
117754,113434
77173.1,77370.6
267635,268596
53936.5,48052.2
119569,119347
214705,212758
369600,196616
148897,148503
188550,192081
91625.4,90124.8
204869,199937
162975,160788
95339.5,95255.3
64530.3,65791.4
90484,90165.7
111858,113969
112771,107895
123884,121108
146818,142163
91251.8,92564.4
124560,125217
118553,115863
150327,151349
65988.7,61101
171710,173295
258745,260316
85062.6,86555.2
174864,169653
179630,175230
216073,211341
332466,191044
195502,189564
209231,196716
125340,116902
102666,95610.1
572760,554698
271585,169723
69208.2,68332.1
357242,262213
184503,180554
96719.2,94245.4
114904,117607
132571,133396
170915,171160
153268,153900
270026,136090
93176.1,94204.4
147823,144472
388521,371388
113308,110168
173865,165972
30547.7,30678
446932,409635
91888.7,93076.7
191752,183834
201654,197456
142650,142855
178744,177862
144904,146519
319514,310367
106505,105571
148747,143292
224400,215764
565459,335947
108548,104103
548302,515480
135410,133707
133731,128474
183956,179921
160331,154697
660612,632049
187803,180742
119162,116098
146306,147038
200612,196176
121836,117168
86026.2,86148
142559,139021
68495.1,67900.8
154702,150784
186157,189010
224565,223346
157610,156268
230322,224354
90669.8,88030
139248,127616
126987,121429
174716,172800
167358,165865
175234,167187
121486,115793
162512,158012
122621,123892
164745,164469
96076.8,93766.6
108672,107310
115683,115489
166621,162724
260927,249160
175038,169469
131726,121781
170590,164495
99631.4,94350.6
251675,238598
112404,111880
156783,153219
831300,807150
314874,303388
285721,285354
130991,127923
104656,103130
152583,149465
234647,236102
99098.4,96580.6
285897,280310
550760,533447
85336.8,83704
43761.3,43146.7
112350,112946
83344.5,82276.2
119839,121434
108960,105840
137369,132832
282212,276907
130320,128906
159711,161247
170370,170190
156725,147497
42546,43448.2
200763,199587
125468,124244
186091,177014
132449,131223
250522,244047
149440,148947
96490.1,92367.3
31113.5,30965.4
50817,47798.1
245726,237689
114755,112174
91887.3,86708.6
198345,199324
256184,251545
147837,140902
202601,197430
148874,135159
140630,137195
269608,265915
151716,150944
493674,501335
122416,119221
80479.3,81004.2
140447,138891
263364,263858
227485,225865
307510,292345
331714,325687
119482,119956
473265,456731
214096,217523
306929,202491
137887,139594
143750,131637
105095,102188
91466.3,92120.1
221131,206749
200390,145564
105137,101896
197259,193362
119820,116051
242111,232571
97244.1,100081
126901,127253
153849,150298
80359.3,75826.4
148504,144380
111219,110021
119494,119074
134824,134188
165137,162082
96524.3,96682.7
154346,156042
111439,109267
138890,136832
130535,118887
168998,168653
190345,189107
153530,147237
290300,286867
186104,182024
84964.5,86118.5
80338.1,80522.7
527492,514463
159869,160266
132959,130777
39521.6,40135.6
94446.7,95191.7
154632,152120
178438,174556
318070,302040
151651,147368
157535,112061
118009,116037
59045.1,57814.7
240702,230095
132591,128005
233875,222785
97235.8,96271.4
155991,143134
175323,169063
440623,426014
157122,142786
194668,183020
127387,118794
134588,128282
256231,246567
160711,155358
85936.2,84210.3
134624,133348
199682,200664
459610,453408
163578,166958
220402,220350
149769,140555
138653,135475
170734,168991
137840,140472
111952,111562
358468,345949
76492.7,77713.4
88195.5,90539.4
170359,174196
90991,90911.3
201633,201642
161322,157577
142043,145028
337175,340556
361498,364869
265465,259734
152704,145753
71603.8,70880.5
158689,151436
159823,157744
210487,210639
153311,152036
93710.9,92209.8
169947,158463
162537,163892
235479,238542
104672,104548
178428,173807
149256,147993
93661.2,92460.1
197550,192398
180584,173473
152398,152095
150956,147762
251152,181444
187432,184615
173788,164339
73789.1,72386.6
206842,202766
358525,201864
193226,194626
118217,116437
164439,163038
152421,152094
397446,396059
95846,92959.3
93013.1,91790.7
100487,99096.3
170600,163604
171194,165731
125300,127298
182948,178218
27193.1,29536.3
137526,134664
73585.5,75281.2
298549,289392
143169,143030
93326.2,83821.3
201662,198199
142723,138561
108181,106392
153709,156599
403001,396084
125867,125103
101996,100288
34117.6,34508
256563,264258
116603,116990
161743,157088
142343,138277
296508,180379
520904,511974
89097.1,83394.1
82896.6,83332.8
125755,121709
123476,123556
199665,188891
142641,136370
126375,122831
146577,135193
173494,169573
126694,121743
85950.6,81730.3
194752,191883
64015.2,64696.5
127649,124995
107053,102852
129254,128606
162865,164105
72960.2,72292.8
192279,183910
198164,111388
221724,216039
98331.6,98277.2
101109,99027.1
70919.5,69820
159324,157568
120695,120656
207275,197697
126172,129466
75284.4,74503.3
122717,117603
224366,229177
119280,118050
478611,476490
127370,126155
172255,165413
142194,142696
77482.1,76044.8
205172,194133
132528,126058
158641,152199
339174,332033
134122,133464
81485,79664.2
92137.8,93684.6
166319,156672
66581.5,64759.3
122245,119887
176314,169949
90508.5,89864.4
116668,117383
170914,172494
197958,195047
154564,152200
127449,130885
163210,161142
73145.9,72777.1
121857,118356
174561,175374
100146,97794.1
151603,145445
110853,107432
428447,421799
130573,129309
90328.2,92030.6
69421.3,68794.5
148244,149393
147165,146611
311512,303107
90831.8,87104.2
210248,201602
146369,144741
106004,105481
179965,166643
126023,122258
280230,268510
152650,147387
97252.5,94668.3
119615,116803
143398,143670
116308,116780
199687,203604
281061,283087
151080,152594
158862,155698
99788.7,99187.8
163739,160420
346630,347268
151455,150243
188551,192793
106838,107416
101559,98625.5
103813,104776
173769,171889
185349,183542
118295,103605
160921,151653
197361,193953
207212,203482
346854,214912
146821,144778
128541,126784
184858,173589
113855,113967
124336,123136
155358,146358
175018,174496
705142,688660
366528,277472
87862.3,85273.8
798414,583205
152077,147825
199434,194288
397489,284756
117071,117811
64412.4,59001.3
122316,122206
144525,141740
237512,228669
93794.5,91638.1
131762,127689
110110,108389
676406,675566
104006,99560.3
109099,104350
94593.7,93442.7
725134,713714
254769,250081
353026,343906
134871,130439
298097,280156
112376,112607
101153,99430.2
83743.2,83143.2
502489,491142
199859,198710
170892,167602
283955,287415
162610,160084
299881,162325
606683,580234
213383,210899
245127,240027
125803,125244
150768,147062
653233,512633
119190,118150
129980,123625
268101,260899
181417,173735
127280,127129
438541,440869
99701.4,97787.1
144221,142396
306653,282262
87679.9,85755
145081,143079
134645,133327
218842,205764
140059,139008
105564,102565
306880,309157
147722,140540
174718,173235
184577,184502
102985,101327
105789,100216
183229,109444
129260,123579
308862,293588
116081,109512
71837.3,68952.6
123366,120628
113819,110538
71876.8,66482.7
175323,176940
199236,197134
146967,146362
287735,193129
197011,193766
168181,164774
115492,113316
68317.1,62232
104574,103551
139137,121356
137848,134677
205567,193118
159405,159384
283929,276823
279919,277791
35934.8,35670.1
500011,492612
321073,315172
87055.5,87540.5
157675,156339
210695,199818
663431,644476
119047,115534
167241,160309
160914,158182
155687,152252
276287,259998
98121.8,96958.7
84186.9,83854.2
137038,135142
106383,105358
79356.6,78084.5
105662,104307
164233,157442
55935.7,55399.7
139572,135905
146729,141764
105905,105273
252578,239471
110511,111839
161259,166030
48795.5,48678.5
252718,243435
143488,141427
111254,105028
194750,186808
289572,269995
116850,111491
114354,113052
94907.9,96250.5
376049,359496
224707,217983
114033,110171
151379,148020
260694,254504
343452,341256
91713.2,85523.8
286834,273042
37860.7,37591.7
102068,96923.1
113620,109596
100923,100450
363897,355537
529929,328682
86749.5,84062.8
179287,176941
826376,823530
133209,133835
91404,93723
242833,241721
115017,116216
52804.4,51067.4
196483,189101
131988,132280
314120,308217
83555.5,80799
99815.5,99641.7
94016.6,94454.1
110331,111383
172290,167789
138158,136478
165798,159246
232582,225153
130366,126517
160381,161843
144687,133092
277610,258114
534079,511317
214566,207584
242369,236608
104631,100563
144500,140992
162078,159610
126847,126813
169307,126526
115753,115057
261357,261712
121545,121193
307970,184453
133025,129407
138724,135402
134208,133074
136917,137409
205488,201180
163390,160072
210563,200131
223364,224510
178926,180561
170921,167606
143599,144856
207920,186017
173497,172945
124990,121935
130416,133772
96531.4,96030
153012,144595
202825,193107
482862,488748
180628,175293
153654,150967
120456,117681
163523,164540
288245,271533
177143,168976
328270,223174
150020,149239
262080,256368
295301,287404
232512,224770
171935,166826
143892,136347
142265,138606
180639,182837
119943,116730
110270,111724
99014.8,97456
130958,131810
83118.3,77458.7
150318,140930
154092,153784
125793,119264
99058.1,87906.6
136170,133108
79306.7,75950
367080,367279
140784,140023
219812,213670
136603,136633
149231,140878
221866,214965
110866,106645
117094,116549
170470,167775
112526,108890
199246,192540
87504.9,87970.9
86677.1,86727.3
101150,98080.7
129678,130272
106340,105625
179115,166021
171996,171116
167248,163778
102992,100961
176178,169673
117318,107998
167181,159388
153611,148306
94540,86373.7
111742,110890
161235,150688
171425,172789
161178,158940
179647,180286
288269,280400
145614,143561
91721.9,89753.3
133658,137411
121724,120047
247853,244180
102223,104164
40940.8,42348.7
192686,188090
388807,208765
194544,188885
162484,157155
181450,182322
56471.4,55605
191961,190178
124056,124320
138154,137100
132920,133932
132494,132547
145393,145278
144067,137132
172440,163090
130556,130995
117902,119292
463628,458687
114092,109072
106768,106578
149180,144800
59641.1,59406.3
94780.3,93854.7
141877,141118
82624.2,83308.7
144949,144834
107787,106599
142667,140528
213879,207498
107419,109581
125354,123992
158825,155855
48707.7,49263.5
343153,340996
131013,128213
211079,207569
268587,173534
143758,143263
87168.6,87975.3
262754,270789
82015,80552.4
271199,153856
287980,283734
158839,152633
111300,107898
203225,203064
115830,109655
70612.6,68564.8
172635,167345
141802,144193
170321,158415
192268,189713
149508,146015
170615,167815
137969,131898
657794,615615
112557,112900
129965,130608
93130.4,90886
206098,201509
133062,134779
213718,209037
411988,397261
80439.3,77340.3
142095,145163
190991,189008
159104,155529
126283,123378
195532,180481
157297,146244
143001,130019
149800,146917
105342,109396
158905,160317
256963,251625
115386,112511
75418.2,74580.7
120221,114396
90281.1,90744.4
108533,102275
264275,254167
181657,178341
92774.1,93044.8
152968,150580
187156,179752
125796,117682
165091,158433
175718,162128
165327,154910
193932,188696
105909,104031
189406,185341
167530,163430
158540,156015
185686,180949
149500,147384
344694,351256
104910,103647
218764,213154
190660,192345
84965.1,85729.8
164022,158512
72670,72906
80048.3,78716.2
162684,159887
288166,285427
179983,179599
101514,101305
338874,269485
132065,131041
119513,117689
153044,148711
138618,136052
169101,164373
137400,131754
121770,114662
157877,147873
148968,143246
164750,164681
136244,129185
98203.9,97732
167776,161574
169766,161055
264598,262300
147529,137692
122996,122388
94250.9,92583.2
173582,165843
198496,198318
253203,248128
78467.3,77920.6
109997,100620
117308,114715
232475,212727
204232,206482
303886,293267
513289,509564
118824,119108
210621,201501
148266,144143
129808,129078
132354,132274
95226.3,95913.8
270540,264662
199833,194286
33757.1,33448
178785,176000
123160,118929
75547.9,71278
175480,171295
73164,70689.7
233948,228326
124932,123483
362017,346903
94016.5,89886.1
124279,122967
437738,242549
187448,182055
113108,109146
167796,167755
180624,176253
139834,139546
211551,207510
117595,119432
144564,145418
97474.2,89930.7
108733,107465
80520.2,78354.4
256277,145533
131060,126322
303866,260444
76429.4,75945.1
137850,136686
114972,110521
257091,255047
122319,117565
88085.6,78438.3
161457,159254
164537,164788
115206,111999
90127,85995.9
179248,179094
124365,122192
144807,137354
62459.3,63003.6
143523,143895
124064,121864
183209,178267
31782.4,31426.7
89487.7,85954.4
151094,147429
356871,355330
129457,128921
161482,142375
189379,184758
82608.1,81799.9
443111,344932
440213,435413
137861,138443
111699,112554
140723,140836
91983,91705.2
156470,148405
98222.4,98473.3
170699,162997
129529,127273
191108,183299
109905,112610
137605,133927
130859,127666
356686,363776
138840,131001
154228,157038
422545,411220
156049,153580
212368,207560
60072.2,60051.7
89597.5,90981.8
93464.2,96493.7
138976,131361
211248,208709
147276,148576
167856,166058
228162,228750
100054,102704
126099,126584
318414,309798
168547,167458
166338,163148
223022,227189
184231,185238
177392,172731
196425,196725
162846,163541
50791.4,51607.9
447854,452482
460895,449955
304513,295653
149370,142194
150069,144716
197874,190946
136850,123656
128297,128514
199860,188688
167517,160275
42643.6,41603.3
93864.9,87225.9
311694,308179
151726,138404
179523,180764
90278,90022.8
351442,346752
75149.8,75421
208240,200108
115276,111089
196990,192700
266256,264635
146604,141374
144788,144312
50928.8,52065
200421,198202
77453.9,78094.7
124219,121358
189030,185258
242048,234971
177032,169605
120057,120317
285819,284872
257157,251413
516419,500876
206596,200719
33090.5,29389.7
95120,97581.7
139257,138489
183426,178784
596998,566355
196954,191656
266768,270690
287643,277570
143885,137854
163348,163176
195495,190855
160969,155955
237428,228606
76381.3,76597.7
196811,189186
159832,149107
190345,171060
142312,140320
244405,233979
97320.2,97438.4
138056,134801
207814,190173
148065,146997
263328,256488
84144.8,83503.4
241592,239693
128058,115087
269609,264072
35885.3,38204.2
164911,156930
229694,225620
295106,293422
171171,167937
259448,238594
119602,122015
99127,97046.5
652280,657658
98967.3,100228
275736,251556
142006,142322
145284,144349
36625.5,36617
49624.4,49372
150813,152692
171273,163693
146873,144935
129904,127466
181605,180976
60637.7,60092.1
146057,123739
622877,606515
122054,120750
340592,323221
182061,180534
150636,144239
76228.8,75218.4
167706,166759
146520,148337
123970,119132
274412,254600
112354,110800
59173.6,58343.9
146686,137933
87588.8,85582.7
179358,173458
194172,184054
159100,155671
214035,214536
123051,118180
171765,156464
231336,227741
157500,158151
134616,130798
154781,150659
176810,168063
128511,125990
97327.6,96395.5
37810.4,38040.8
78808.7,81112.3
155519,154210
176956,178778
186260,189185
120093,116135
626252,609884
133860,135113
98518.7,94046.5
179322,178768
158931,158198
385562,377217
91907.6,87380.5
493377,474862
298646,292715
152957,150932
129182,129008
210076,210525
56200.4,56095.6
131467,125069
152463,140254
294888,162886
139858,140304
155544,150636
180781,177237
233262,231041
411704,411295
64305.9,62754.5
129096,130618
140286,136225
257451,169477
403854,386913
89860,89251.4
187657,181613
131680,129567
108661,105531
154050,148780
98921.1,96911.4
107399,103371
79081.7,80131.5
126942,126611
92844.2,90241.6
288781,288141
136183,133716
131458,125551
157206,140508
259206,254580
178843,176818
55866,55655.9
115795,117599
516669,487432
285144,279138
132554,128145
57846.9,59139.7
236686,236354
80226.5,80635.8
125422,125840
61710.9,60427.1
151396,147162
237582,228240
132211,125763
101408,94743.8
71126.8,69869.3
131455,127699
163365,156147
447078,433630
183119,178245
107648,102027
137296,134674
216704,210840
134986,134112
128875,116696
105290,105373
55613.9,54579.4
129394,126400
49152.6,47631.7
178385,167421
298865,285248
66844.2,65621.7
99075.8,98348.5
235143,224498
144112,144282
167075,156735
126133,125806
126914,122953
200510,195730
170150,152431
151421,148224
100124,100522
113299,112948
102956,102918
146959,141990
186944,189200
140235,138942
132578,130903
191309,195852
89306.3,77042.6
485620,361246
147504,149950
285126,293228
296253,291758
192714,175489
127617,124620
259147,239342
104044,101982
143593,143671
157161,152739
73902.4,73626
182227,177240
157121,157690
183164,183491
374366,378210
130544,127001
136408,130403
469339,445055
104267,92153.1
171045,91896.9
103252,102683
277688,280295
122498,124094
67431,68318.5
146477,144407
64932.5,65205.7
203224,199627
257518,242948
129450,125204
135230,129950
197528,200843
341048,343513
156827,158165
171794,164653
154425,152984
140167,140554
100229,95772.3
383839,231506
227912,230528
310785,305130
80806.5,81155.4
95894.7,92873.5
120640,122136
207678,208553
150005,147589
98196.3,95752.6
191098,186435
136693,131812
156971,152378
233229,231301
98636.7,98432.3
146099,138412
113740,114220
173571,170672
576802,565288
151934,150291
219304,216841
214494,211470
262160,259175
230050,230245
543521,525714
176062,166711
115637,111296
178370,171053
173527,174512
105990,103051
241653,131518
106442,107223
114970,112818
111039,109609
241210,141229
108540,105936
175589,167832
149152,146046
162526,158983
133454,132434
289560,280744
394039,397433
358335,243346
89345.6,86718.3
77090.5,76485.6
148232,147359
70323.7,72341.3
175074,173030
216674,215000
197345,192761
113294,111111
398557,321220
133037,133710
211186,195654
243663,243354
121610,119608
248919,245618
253303,253282
167163,164091
144896,142034
195481,197386
717934,700129
118549,120502
134882,129840
138919,136935
265440,251629
122245,121607
160755,161519
185008,180907
121114,122463
241329,232707
173294,173905
140791,139212
275468,275685
98245.7,95690.6
133247,132215
231489,221069
149455,144521
164929,160303
58191.2,55563.8
231922,228652
253860,244754
481458,343081
184563,186005
119251,117192
97162.9,94684.7
145925,140783
75958.6,75714.1
144508,146367
154866,151240
154577,151264
460259,465655
63137.8,63614.7
190775,181424
176470,172891
68346.1,69068.8
148436,147060
162242,159205
813709,802147
178456,169944
153029,145786
187553,182864
463394,455604
192260,186488
238837,225051
405618,240736
111239,111880
675733,664108
138286,137174
208946,203831
111604,110030
568045,549038
134548,135271
127174,121864
196010,190157
112948,107176
292498,296832
92019.8,87711.4
234244,229932
157928,146794
123656,120358
147344,141226
118634,114357
87980.9,83052.5
169055,162730
81564.2,80005.3
95220.4,92731.2
155138,151676
158636,156292
141350,137289
132999,129525
143695,138021
120384,119006
84467.9,84173.5
188224,183521
101204,101431
280582,274340
173448,171422
120860,116304
199936,194309
118028,117634
90682.3,90268.9
149647,127684
178728,178055
129676,124242
206363,198530
95504.5,94232.2
158679,159733
456656,437594
114326,112940
412654,406657
108124,101400
65070.8,65870.9
166447,159209
152868,146777
151212,147403
112052,108595
135968,127553
223205,215204
138194,138094
170406,169175
84732.6,82021.2
203722,198928
222056,213084
191386,191684
147493,143471
250304,250411
157513,146744
110419,110332
158428,152700
199962,193650
93466.3,90442.4
122781,125167
221181,216930
209288,194835
93306.3,94717.3
190652,104568
199662,188939
253542,254854
116658,115347
222334,217824
320745,181372
130038,130613
108612,104837
140407,138925
117574,120239
179650,178919
353644,349403
89157.8,89068.5
127636,126156
214892,219002
120392,115864
71207,72813.6
80722.2,82373.3
186353,182027
45019.3,31518.5
114392,113658
100167,98875.1
81730.9,80741.3
157631,156671
123499,120381
116381,112806
67835.3,66774.5
128734,127156
112669,109716
50442.2,50584.4
85508.4,84634
89680.8,90135
617985,621029
137924,139286
105211,100219
126522,123228
103756,105374
148380,148432
162572,157582
160150,162109
169249,165051
128825,126840
141075,138365
414171,409952
131591,128250
258985,261345
26888.4,26577.2
161518,154692
834515,805829
137704,137191
133168,135713
86220.8,79876.5
141784,133655
165332,159694
173966,165292
169629,166192
120689,112052
110139,107722
122914,123300
230882,229381
270964,269365
171535,172071
785843,797539
95209.1,94680.8
186366,188116
129344,129626
108146,108532
352998,347089
347363,321384
155744,153064
86085.1,78858.1
363158,364737
175961,177819
157893,156861
88726.6,88209.1
157651,157602
128803,128655
216330,212450
154899,138394
205268,200360
186583,189200
280145,277424
222506,219550
100098,100383
91543.6,77559.6
86950.7,84831.7
91279.6,93480
192097,184917
229545,229337
126749,128668
124248,116171
126148,123916
105030,106365
170321,162166
100836,98908
298498,273543
159363,154593
273593,267968
209947,207077
709889,696015
160972,156292
228169,219928
84131.7,81621.7
136439,134693
276172,260041
167206,161004
156113,151022
159844,156535
112622,112076
309541,298415
71785.9,71461.3
221129,223486
132228,132932
105975,107942
80604.5,82428.9
120247,109798
112375,112448
58626.8,58661.4
293116,180288
117348,116957
131307,127707
131398,127820
171127,162356
147788,144331
149863,144917
260995,254094
165274,160072
149110,143488
146523,148122
195360,193439
171949,161493
96679.2,95663.7
155661,151021
328409,323231
133877,134762
125685,120225
197920,194355
132469,124523
127717,128452
101287,98040.2
283225,167735
68681.3,68665.1
201254,198367
190615,188516
90346.1,88655.4
197594,194402
232706,224293
116896,117393
203441,203829
146169,150511
111244,112621
145040,146558
106706,108247
87031.6,86964.4
192467,193223
107915,103318
98395.8,97907.4
138900,126797
83721.2,85096.3
125996,124675
154983,154932
91122.4,90923.1
149821,144164
258998,259484
93289.8,91233.8
358537,347958
103124,101760
348284,334844
123742,120071
131498,131568
217821,210698
382950,210505
131383,129160
220062,220524
153022,142551
124451,123196
104029,105021
236143,227646
123349,121063
160455,159916
111728,108765
167511,129079
187053,183862
105622,103365
624430,612380
124165,126539
142492,135173
132470,130992
156947,147695
151734,145962
183181,175537
142384,142138
112465,114611
160482,159946
128422,126385
38351.2,30284.8
223138,222431
123453,121049
323374,322504
133806,133810
158876,157059
164510,161292
124064,124789
143714,136981
159972,153886
110840,109814
107420,105751
136981,135700
115527,112091
201729,199776
132653,125992
181414,183379
192769,187006
141868,133604
104604,101357
478045,471545
89721.1,90220.8
106030,102954
299508,292993
59670.7,58168.9
104284,103688
120894,116658
134790,118412
121485,107449
